Site,Model,Horizon,RMSE,MAE,R2
UK-AMo,Random Forest,1,1.84008,1.3253,0.7473
UK-AMo,Random Forest,2,1.89229,1.37122,0.73275
UK-AMo,Random Forest,3,1.93697,1.40357,0.71998
UK-AMo,Random Forest,4,1.97471,1.43236,0.70895
UK-AMo,Random Forest,5,1.99736,1.44432,0.70224
UK-AMo,Random Forest,6,2.01571,1.4565,0.69675
UK-AMo,Random Forest,7,2.0416,1.4739,0.68891
UK-AMo,Random Forest,8,2.07293,1.49669,0.67929
UK-AMo,Random Forest,9,2.09689,1.51726,0.67183
UK-AMo,Random Forest,10,2.11408,1.5297,0.66642
UK-AMo,Random Forest,11,2.13286,1.54193,0.66047
UK-AMo,Random Forest,12,2.13125,1.5342,0.66097
UK-AMo,Random Forest,13,2.11449,1.51709,0.66628
UK-AMo,Random Forest,14,2.0869,1.49018,0.67493
UK-AMo,Random Forest,15,2.07586,1.47716,0.67835
UK-AMo,Random Forest,16,2.06903,1.4712,0.68046
UK-AMo,Random Forest,17,2.06748,1.47242,0.68094
UK-AMo,Random Forest,18,2.07385,1.47556,0.67898
UK-AMo,Random Forest,19,2.08796,1.48479,0.6746
UK-AMo,Random Forest,20,2.09957,1.4951,0.67098
UK-AMo,Random Forest,21,2.11904,1.51002,0.66485
UK-AMo,Random Forest,22,2.14974,1.53382,0.65507
UK-AMo,Random Forest,23,2.17893,1.55961,0.64564
UK-AMo,Random Forest,24,2.20145,1.58796,0.63828
UK-AMo,Random Forest,25,2.21077,1.61057,0.63522
UK-AMo,Random Forest,26,2.2136,1.61979,0.63428
UK-AMo,Random Forest,27,2.22551,1.62909,0.63033
UK-AMo,Random Forest,28,2.2374,1.63172,0.62637
UK-AMo,Random Forest,29,2.23913,1.62706,0.6258
UK-AMo,Random Forest,30,2.23772,1.61891,0.62627
UK-AMo,Random Forest,31,2.25529,1.62661,0.62038
UK-AMo,Random Forest,32,2.28507,1.65074,0.61029
UK-AMo,Random Forest,33,2.30891,1.6643,0.60211
UK-AMo,Random Forest,34,2.33124,1.67634,0.59438
UK-AMo,Random Forest,35,2.34059,1.68431,0.59111
UK-AMo,Random Forest,36,2.33825,1.68384,0.59194
UK-AMo,Random Forest,37,2.32581,1.66918,0.59627
UK-AMo,Random Forest,38,2.30745,1.65089,0.60262
UK-AMo,Random Forest,39,2.29916,1.6397,0.60547
UK-AMo,Random Forest,40,2.29505,1.63478,0.60688
UK-AMo,Random Forest,41,2.29259,1.6329,0.60772
UK-AMo,Random Forest,42,2.29988,1.63211,0.60523
UK-AMo,Random Forest,43,2.31459,1.64194,0.60016
UK-AMo,Random Forest,44,2.3297,1.65528,0.59492
UK-AMo,Random Forest,45,2.34963,1.67667,0.58796
UK-AMo,Random Forest,46,2.37707,1.70771,0.57828
UK-AMo,Random Forest,47,2.39752,1.73671,0.57099
UK-AMo,Random Forest,48,2.40267,1.75327,0.56915
UK-AMo,Random Forest,49,2.40676,1.76004,0.56769
UK-AMo,Random Forest,50,2.41532,1.76207,0.56461
UK-AMo,Random Forest,51,2.42346,1.76429,0.56167
UK-AMo,Random Forest,52,2.42239,1.75645,0.56206
UK-AMo,Random Forest,53,2.41747,1.74317,0.56384
UK-AMo,Random Forest,54,2.4253,1.74027,0.56101
UK-AMo,Random Forest,55,2.43754,1.74483,0.55658
UK-AMo,Random Forest,56,2.45609,1.75958,0.5498
UK-AMo,Random Forest,57,2.48182,1.77954,0.54033
UK-AMo,Random Forest,58,2.50173,1.79943,0.53292
UK-AMo,Random Forest,59,2.51648,1.81637,0.5274
UK-AMo,Random Forest,60,2.51404,1.81808,0.52832
UK-AMo,Random Forest,61,2.49795,1.80479,0.53433
UK-AMo,Random Forest,62,2.48038,1.77994,0.54086
UK-AMo,Random Forest,63,2.46278,1.75738,0.54734
UK-AMo,Random Forest,64,2.45407,1.74074,0.55054
UK-AMo,Random Forest,65,2.44693,1.72658,0.55316
UK-AMo,Random Forest,66,2.44947,1.72837,0.55224
UK-AMo,Random Forest,67,2.45812,1.74023,0.54908
UK-AMo,Random Forest,68,2.47417,1.76616,0.54318
UK-AMo,Random Forest,69,2.49113,1.79088,0.53689
UK-AMo,Random Forest,70,2.51542,1.82565,0.52782
UK-AMo,Random Forest,71,2.5305,1.85382,0.52214
UK-AMo,Random Forest,72,2.53524,1.86602,0.52035
UK-AMo,Random Forest,73,2.53851,1.8646,0.51912
UK-AMo,Random Forest,74,2.54313,1.85915,0.51736
UK-AMo,Random Forest,75,2.54373,1.8472,0.51713
UK-AMo,Random Forest,76,2.53845,1.82971,0.51914
UK-AMo,Random Forest,77,2.53834,1.81835,0.51918
UK-AMo,Random Forest,78,2.54712,1.81731,0.51584
UK-AMo,Random Forest,79,2.56026,1.82712,0.51083
UK-AMo,Random Forest,80,2.58214,1.85048,0.50244
UK-AMo,Random Forest,81,2.60372,1.87294,0.49408
UK-AMo,Random Forest,82,2.6234,1.89341,0.4864
UK-AMo,Random Forest,83,2.63197,1.90564,0.48303
UK-AMo,Random Forest,84,2.62222,1.8983,0.48685
UK-AMo,Random Forest,85,2.5982,1.87245,0.4962
UK-AMo,Random Forest,86,2.57879,1.8452,0.5037
UK-AMo,Random Forest,87,2.56648,1.8213,0.50843
UK-AMo,Random Forest,88,2.55972,1.81003,0.51101
UK-AMo,Random Forest,89,2.56235,1.80826,0.51001
UK-AMo,Random Forest,90,2.56584,1.80961,0.50868
UK-AMo,Random Forest,91,2.57252,1.82584,0.50611
UK-AMo,Random Forest,92,2.58571,1.85208,0.50104
UK-AMo,Random Forest,93,2.60311,1.88014,0.4943
UK-AMo,Random Forest,94,2.62059,1.90517,0.48748
UK-AMo,Random Forest,95,2.62867,1.9215,0.48432
UK-AMo,Random Forest,96,2.62147,1.91208,0.48714
UK-AMo,XGBoost,1,1.89454,1.45726,0.73212
UK-AMo,XGBoost,2,2.15916,1.67303,0.65206
UK-AMo,XGBoost,3,2.33292,1.80521,0.5938
UK-AMo,XGBoost,4,2.38666,1.85492,0.57485
UK-AMo,XGBoost,5,2.42625,1.87318,0.56064
UK-AMo,XGBoost,6,2.41332,1.85337,0.56531
UK-AMo,XGBoost,7,2.403,1.86091,0.56902
UK-AMo,XGBoost,8,2.41239,1.87681,0.56565
UK-AMo,XGBoost,9,2.43176,1.89439,0.55864
UK-AMo,XGBoost,10,2.45824,1.90557,0.54897
UK-AMo,XGBoost,11,2.47769,1.91552,0.5418
UK-AMo,XGBoost,12,2.4551,1.8893,0.55011
UK-AMo,XGBoost,13,2.47885,1.90648,0.54136
UK-AMo,XGBoost,14,2.4949,1.92781,0.5354
UK-AMo,XGBoost,15,2.46344,1.88803,0.54703
UK-AMo,XGBoost,16,2.50453,1.93759,0.53179
UK-AMo,XGBoost,17,2.52323,1.95286,0.52478
UK-AMo,XGBoost,18,2.51233,1.93328,0.52888
UK-AMo,XGBoost,19,2.50125,1.91927,0.53303
UK-AMo,XGBoost,20,2.4947,1.92394,0.53549
UK-AMo,XGBoost,21,2.55831,1.97505,0.5115
UK-AMo,XGBoost,22,2.50281,1.92145,0.53246
UK-AMo,XGBoost,23,2.53039,1.94639,0.52211
UK-AMo,XGBoost,24,2.56859,1.97777,0.50758
UK-AMo,XGBoost,25,2.53033,1.94855,0.52214
UK-AMo,XGBoost,26,2.54765,1.96475,0.51557
UK-AMo,XGBoost,27,2.55304,1.97531,0.51352
UK-AMo,XGBoost,28,2.60126,2.01477,0.49497
UK-AMo,XGBoost,29,2.59367,2.00433,0.49792
UK-AMo,XGBoost,30,2.59538,2.00046,0.49725
UK-AMo,XGBoost,31,2.62482,2.03544,0.48579
UK-AMo,XGBoost,32,2.60388,1.99419,0.49396
UK-AMo,XGBoost,33,2.6228,2.02597,0.48657
UK-AMo,XGBoost,34,2.63943,2.03527,0.48004
UK-AMo,XGBoost,35,2.61963,2.005,0.48781
UK-AMo,XGBoost,36,2.63412,2.0262,0.48214
UK-AMo,XGBoost,37,2.6667,2.05057,0.46926
UK-AMo,XGBoost,38,2.62456,2.01684,0.48589
UK-AMo,XGBoost,39,2.65376,2.04654,0.47438
UK-AMo,XGBoost,40,2.66131,2.05044,0.47139
UK-AMo,XGBoost,41,2.66457,2.05775,0.4701
UK-AMo,XGBoost,42,2.66339,2.05131,0.47057
UK-AMo,XGBoost,43,2.64773,2.0278,0.47677
UK-AMo,XGBoost,44,2.6554,2.03597,0.47374
UK-AMo,XGBoost,45,2.66988,2.04228,0.46799
UK-AMo,XGBoost,46,2.69882,2.0791,0.45639
UK-AMo,XGBoost,47,2.6965,2.06531,0.45733
UK-AMo,XGBoost,48,2.71053,2.07865,0.45167
UK-AMo,XGBoost,49,2.69253,2.04444,0.45893
UK-AMo,XGBoost,50,2.75272,2.11026,0.43447
UK-AMo,XGBoost,51,2.734,2.08499,0.44214
UK-AMo,XGBoost,52,2.76021,2.10264,0.43139
UK-AMo,XGBoost,53,2.78726,2.13519,0.42019
UK-AMo,XGBoost,54,2.77783,2.11802,0.42412
UK-AMo,XGBoost,55,2.76302,2.09123,0.43025
UK-AMo,XGBoost,56,2.76623,2.1091,0.42893
UK-AMo,XGBoost,57,2.75719,2.10213,0.43266
UK-AMo,XGBoost,58,2.76736,2.09566,0.42847
UK-AMo,XGBoost,59,2.78394,2.11405,0.4216
UK-AMo,XGBoost,60,2.78398,2.13346,0.42159
UK-AMo,XGBoost,61,2.74085,2.07311,0.43937
UK-AMo,XGBoost,62,2.76208,2.10887,0.43064
UK-AMo,XGBoost,63,2.75423,2.10459,0.43387
UK-AMo,XGBoost,64,2.76479,2.11882,0.42952
UK-AMo,XGBoost,65,2.73514,2.08576,0.4417
UK-AMo,XGBoost,66,2.7576,2.10316,0.4325
UK-AMo,XGBoost,67,2.76325,2.1129,0.43019
UK-AMo,XGBoost,68,2.79044,2.12989,0.41893
UK-AMo,XGBoost,69,2.77711,2.12278,0.42446
UK-AMo,XGBoost,70,2.78756,2.10495,0.42012
UK-AMo,XGBoost,71,2.80207,2.14002,0.41407
UK-AMo,XGBoost,72,2.80143,2.12106,0.41434
UK-AMo,XGBoost,73,2.83157,2.15596,0.40167
UK-AMo,XGBoost,74,2.837,2.1559,0.39938
UK-AMo,XGBoost,75,2.85892,2.18127,0.39006
UK-AMo,XGBoost,76,2.87708,2.1863,0.38229
UK-AMo,XGBoost,77,2.85642,2.15919,0.39112
UK-AMo,XGBoost,78,2.84843,2.16087,0.39452
UK-AMo,XGBoost,79,2.8438,2.17395,0.39649
UK-AMo,XGBoost,80,2.85047,2.15868,0.39365
UK-AMo,XGBoost,81,2.84774,2.15852,0.39481
UK-AMo,XGBoost,82,2.85783,2.17027,0.39051
UK-AMo,XGBoost,83,2.86571,2.19052,0.38714
UK-AMo,XGBoost,84,2.87009,2.17285,0.38525
UK-AMo,XGBoost,85,2.86886,2.1899,0.38578
UK-AMo,XGBoost,86,2.84871,2.15612,0.39437
UK-AMo,XGBoost,87,2.85057,2.16271,0.39358
UK-AMo,XGBoost,88,2.83879,2.14474,0.39858
UK-AMo,XGBoost,89,2.88008,2.19766,0.38095
UK-AMo,XGBoost,90,2.88517,2.19787,0.37878
UK-AMo,XGBoost,91,2.86727,2.18621,0.38646
UK-AMo,XGBoost,92,2.87682,2.19241,0.38236
UK-AMo,XGBoost,93,2.8973,2.20149,0.37354
UK-AMo,XGBoost,94,2.89104,2.19833,0.37624
UK-AMo,XGBoost,95,2.86273,2.18238,0.3884
UK-AMo,XGBoost,96,2.89686,2.2051,0.37373
UK-AMo,LSTM,1,2.35586,1.59034,0.58578
UK-AMo,LSTM,2,2.4921,1.66179,0.53648
UK-AMo,LSTM,3,2.56323,1.71806,0.50964
UK-AMo,LSTM,4,2.58845,1.74271,0.49992
UK-AMo,LSTM,5,2.63648,1.76839,0.4812
UK-AMo,LSTM,6,2.65663,1.78688,0.47324
UK-AMo,LSTM,7,2.70611,1.82853,0.45344
UK-AMo,LSTM,8,2.76346,1.879,0.43003
UK-AMo,LSTM,9,2.75879,1.89182,0.43195
UK-AMo,LSTM,10,2.74116,1.89297,0.43918
UK-AMo,LSTM,11,2.72992,1.88174,0.44376
UK-AMo,LSTM,12,2.71977,1.87716,0.44788
UK-AMo,LSTM,13,2.71295,1.87587,0.45064
UK-AMo,LSTM,14,2.6863,1.86458,0.46137
UK-AMo,LSTM,15,2.70298,1.86809,0.45466
UK-AMo,LSTM,16,2.71165,1.86659,0.45115
UK-AMo,LSTM,17,2.73146,1.88285,0.4431
UK-AMo,LSTM,18,2.75335,1.88538,0.43415
UK-AMo,LSTM,19,2.75985,1.88086,0.43149
UK-AMo,LSTM,20,2.76039,1.85805,0.43128
UK-AMo,LSTM,21,2.7213,1.83002,0.44727
UK-AMo,LSTM,22,2.69167,1.82426,0.45924
UK-AMo,LSTM,23,2.68394,1.80813,0.46235
UK-AMo,LSTM,24,2.73087,1.83167,0.44339
UK-AMo,LSTM,25,2.75765,1.83883,0.43242
UK-AMo,LSTM,26,2.77508,1.85203,0.42523
UK-AMo,LSTM,27,2.78128,1.8647,0.42265
UK-AMo,LSTM,28,2.78158,1.87039,0.42253
UK-AMo,LSTM,29,2.81129,1.89013,0.41013
UK-AMo,LSTM,30,2.85322,1.92407,0.3924
UK-AMo,LSTM,31,2.86873,1.9379,0.38578
UK-AMo,LSTM,32,2.89125,1.95955,0.3761
UK-AMo,LSTM,33,2.86913,1.94923,0.38561
UK-AMo,LSTM,34,2.83692,1.93912,0.39932
UK-AMo,LSTM,35,2.83731,1.93057,0.39915
UK-AMo,LSTM,36,2.83484,1.92116,0.40021
UK-AMo,LSTM,37,2.82174,1.91069,0.40575
UK-AMo,LSTM,38,2.78897,1.88381,0.41947
UK-AMo,LSTM,39,2.77787,1.87694,0.42407
UK-AMo,LSTM,40,2.80186,1.9033,0.41409
UK-AMo,LSTM,41,2.81503,1.90571,0.40857
UK-AMo,LSTM,42,2.79492,1.88834,0.41699
UK-AMo,LSTM,43,2.81759,1.90237,0.40749
UK-AMo,LSTM,44,2.84756,1.91372,0.39482
UK-AMo,LSTM,45,2.84314,1.90668,0.39669
UK-AMo,LSTM,46,2.83,1.90132,0.40226
UK-AMo,LSTM,47,2.83853,1.90345,0.39866
UK-AMo,LSTM,48,2.8735,1.91738,0.38375
UK-AMo,LSTM,49,2.89024,1.93092,0.37655
UK-AMo,LSTM,50,2.88102,1.92478,0.38053
UK-AMo,LSTM,51,2.86689,1.91863,0.38659
UK-AMo,LSTM,52,2.86935,1.91181,0.38553
UK-AMo,LSTM,53,2.9057,1.92372,0.36987
UK-AMo,LSTM,54,2.91502,1.93032,0.36583
UK-AMo,LSTM,55,2.93369,1.94479,0.35769
UK-AMo,LSTM,56,2.93203,1.96059,0.35842
UK-AMo,LSTM,57,2.9038,1.95128,0.37072
UK-AMo,LSTM,58,2.8745,1.92454,0.38336
UK-AMo,LSTM,59,2.86213,1.90303,0.38866
UK-AMo,LSTM,60,2.86286,1.8923,0.38835
UK-AMo,LSTM,61,2.8594,1.89611,0.38982
UK-AMo,LSTM,62,2.87452,1.9183,0.38334
UK-AMo,LSTM,63,2.90585,1.9504,0.36982
UK-AMo,LSTM,64,2.94825,1.98604,0.3513
UK-AMo,LSTM,65,3.00288,2.02918,0.32704
UK-AMo,LSTM,66,3.01506,2.0475,0.32159
UK-AMo,LSTM,67,3.02335,2.05322,0.31786
UK-AMo,LSTM,68,3.05602,2.07314,0.30306
UK-AMo,LSTM,69,3.0663,2.07491,0.29835
UK-AMo,LSTM,70,3.06305,2.07717,0.29984
UK-AMo,LSTM,71,3.10641,2.08591,0.27988
UK-AMo,LSTM,72,3.16186,2.10142,0.25395
UK-AMo,LSTM,73,3.20513,2.11164,0.23339
UK-AMo,LSTM,74,3.19187,2.10695,0.23972
UK-AMo,LSTM,75,3.16861,2.1059,0.25076
UK-AMo,LSTM,76,3.20616,2.13417,0.23289
UK-AMo,LSTM,77,3.24163,2.15846,0.21583
UK-AMo,LSTM,78,3.27666,2.17724,0.19878
UK-AMo,LSTM,79,3.26467,2.17259,0.20464
UK-AMo,LSTM,80,3.2614,2.18728,0.20622
UK-AMo,LSTM,81,3.26262,2.1877,0.20563
UK-AMo,LSTM,82,3.2329,2.16325,0.22003
UK-AMo,LSTM,83,3.22817,2.15221,0.2223
UK-AMo,LSTM,84,3.24031,2.16531,0.21643
UK-AMo,LSTM,85,3.23562,2.18348,0.21869
UK-AMo,LSTM,86,3.21422,2.1834,0.22899
UK-AMo,LSTM,87,3.20896,2.18907,0.23151
UK-AMo,LSTM,88,3.22926,2.19695,0.22175
UK-AMo,LSTM,89,3.23399,2.20296,0.21947
UK-AMo,LSTM,90,3.22012,2.19307,0.22616
UK-AMo,LSTM,91,3.23754,2.19498,0.21776
UK-AMo,LSTM,92,3.25133,2.1963,0.21108
UK-AMo,LSTM,93,3.28144,2.21855,0.19641
UK-AMo,LSTM,94,3.28041,2.21954,0.19691
UK-AMo,LSTM,95,3.25498,2.19689,0.20932
UK-AMo,LSTM,96,3.22799,2.18558,0.22237
UK-AMo,TEMPO Zero-Shot,1,1.58058,1.00538,0.81355
UK-AMo,TEMPO Zero-Shot,2,2.04729,1.27058,0.68718
UK-AMo,TEMPO Zero-Shot,3,2.26304,1.36627,0.61777
UK-AMo,TEMPO Zero-Shot,4,2.41784,1.45816,0.56367
UK-AMo,TEMPO Zero-Shot,5,2.51747,1.52334,0.52698
UK-AMo,TEMPO Zero-Shot,6,2.54179,1.5461,0.5178
UK-AMo,TEMPO Zero-Shot,7,2.55881,1.55869,0.51132
UK-AMo,TEMPO Zero-Shot,8,2.62899,1.60247,0.48415
UK-AMo,TEMPO Zero-Shot,9,2.64779,1.6096,0.47674
UK-AMo,TEMPO Zero-Shot,10,2.67332,1.63399,0.4666
UK-AMo,TEMPO Zero-Shot,11,2.7424,1.68105,0.43866
UK-AMo,TEMPO Zero-Shot,12,2.66681,1.61831,0.46917
UK-AMo,TEMPO Zero-Shot,13,2.62843,1.60129,0.48434
UK-AMo,TEMPO Zero-Shot,14,2.596,1.58577,0.49698
UK-AMo,TEMPO Zero-Shot,15,2.55904,1.5675,0.51119
UK-AMo,TEMPO Zero-Shot,16,2.55183,1.56746,0.51394
UK-AMo,TEMPO Zero-Shot,17,2.50368,1.54522,0.53211
UK-AMo,TEMPO Zero-Shot,18,2.48286,1.54252,0.53986
UK-AMo,TEMPO Zero-Shot,19,2.44272,1.51322,0.55463
UK-AMo,TEMPO Zero-Shot,20,2.4166,1.49499,0.56412
UK-AMo,TEMPO Zero-Shot,21,2.37651,1.4615,0.57846
UK-AMo,TEMPO Zero-Shot,22,2.35163,1.42917,0.58724
UK-AMo,TEMPO Zero-Shot,23,2.36869,1.45001,0.58123
UK-AMo,TEMPO Zero-Shot,24,2.43452,1.47787,0.55764
UK-AMo,TEMPO Zero-Shot,25,2.55052,1.53835,0.51448
UK-AMo,TEMPO Zero-Shot,26,2.62357,1.58114,0.48627
UK-AMo,TEMPO Zero-Shot,27,2.65936,1.60885,0.47216
UK-AMo,TEMPO Zero-Shot,28,2.75911,1.6686,0.43182
UK-AMo,TEMPO Zero-Shot,29,2.78953,1.69793,0.41922
UK-AMo,TEMPO Zero-Shot,30,2.84894,1.74702,0.39422
UK-AMo,TEMPO Zero-Shot,31,2.84162,1.72394,0.39733
UK-AMo,TEMPO Zero-Shot,32,2.88461,1.74923,0.37896
UK-AMo,TEMPO Zero-Shot,33,2.93685,1.78593,0.35626
UK-AMo,TEMPO Zero-Shot,34,2.89702,1.75554,0.3736
UK-AMo,TEMPO Zero-Shot,35,2.91533,1.76208,0.36565
UK-AMo,TEMPO Zero-Shot,36,2.93005,1.77568,0.35924
UK-AMo,TEMPO Zero-Shot,37,2.89633,1.76327,0.37391
UK-AMo,TEMPO Zero-Shot,38,2.853,1.74321,0.3925
UK-AMo,TEMPO Zero-Shot,39,2.85776,1.76093,0.39047
UK-AMo,TEMPO Zero-Shot,40,2.85991,1.75263,0.38956
UK-AMo,TEMPO Zero-Shot,41,2.81669,1.72715,0.40787
UK-AMo,TEMPO Zero-Shot,42,2.78012,1.71081,0.42315
UK-AMo,TEMPO Zero-Shot,43,2.74488,1.68088,0.43768
UK-AMo,TEMPO Zero-Shot,44,2.76457,1.6903,0.42958
UK-AMo,TEMPO Zero-Shot,45,2.76864,1.69912,0.4279
UK-AMo,TEMPO Zero-Shot,46,2.7894,1.69386,0.41929
UK-AMo,TEMPO Zero-Shot,47,2.84756,1.73165,0.39482
UK-AMo,TEMPO Zero-Shot,48,2.84469,1.72808,0.39605
UK-AMo,TEMPO Zero-Shot,49,2.89148,1.75999,0.37602
UK-AMo,TEMPO Zero-Shot,50,2.96289,1.81286,0.34482
UK-AMo,TEMPO Zero-Shot,51,2.96995,1.80349,0.3417
UK-AMo,TEMPO Zero-Shot,52,3.02042,1.84139,0.31913
UK-AMo,TEMPO Zero-Shot,53,3.03822,1.86111,0.31109
UK-AMo,TEMPO Zero-Shot,54,3.00701,1.83739,0.32517
UK-AMo,TEMPO Zero-Shot,55,3.02135,1.84575,0.31873
UK-AMo,TEMPO Zero-Shot,56,3.03114,1.84556,0.31432
UK-AMo,TEMPO Zero-Shot,57,3.05188,1.86124,0.3049
UK-AMo,TEMPO Zero-Shot,58,3.00772,1.82735,0.32488
UK-AMo,TEMPO Zero-Shot,59,2.99184,1.8334,0.33199
UK-AMo,TEMPO Zero-Shot,60,2.99161,1.849,0.3321
UK-AMo,TEMPO Zero-Shot,61,3.04187,1.92529,0.30946
UK-AMo,TEMPO Zero-Shot,62,3.09813,1.94817,0.28367
UK-AMo,TEMPO Zero-Shot,63,3.0712,1.93289,0.29606
UK-AMo,TEMPO Zero-Shot,64,3.0237,1.88129,0.31767
UK-AMo,TEMPO Zero-Shot,65,3.00522,1.88658,0.32599
UK-AMo,TEMPO Zero-Shot,66,2.97571,1.8427,0.33918
UK-AMo,TEMPO Zero-Shot,67,2.96494,1.8334,0.34396
UK-AMo,TEMPO Zero-Shot,68,2.95318,1.83505,0.34918
UK-AMo,TEMPO Zero-Shot,69,2.96176,1.80989,0.34538
UK-AMo,TEMPO Zero-Shot,70,3.00322,1.82671,0.32692
UK-AMo,TEMPO Zero-Shot,71,3.03517,1.8505,0.31253
UK-AMo,TEMPO Zero-Shot,72,3.03861,1.85063,0.31097
UK-AMo,TEMPO Zero-Shot,73,3.11068,1.90079,0.2779
UK-AMo,TEMPO Zero-Shot,74,3.15539,1.9439,0.257
UK-AMo,TEMPO Zero-Shot,75,3.16309,1.94383,0.25337
UK-AMo,TEMPO Zero-Shot,76,3.14876,1.9298,0.26011
UK-AMo,TEMPO Zero-Shot,77,3.1831,1.95851,0.24389
UK-AMo,TEMPO Zero-Shot,78,3.15731,1.94912,0.25609
UK-AMo,TEMPO Zero-Shot,79,3.14519,1.95629,0.26179
UK-AMo,TEMPO Zero-Shot,80,3.16841,1.9779,0.25084
UK-AMo,TEMPO Zero-Shot,81,3.1643,1.94681,0.25278
UK-AMo,TEMPO Zero-Shot,82,3.1468,1.93351,0.26102
UK-AMo,TEMPO Zero-Shot,83,3.18079,1.96072,0.24496
UK-AMo,TEMPO Zero-Shot,84,3.17387,1.95292,0.24823
UK-AMo,TEMPO Zero-Shot,85,3.15184,1.94015,0.25863
UK-AMo,TEMPO Zero-Shot,86,3.16493,1.9446,0.25245
UK-AMo,TEMPO Zero-Shot,87,3.1737,1.95335,0.2483
UK-AMo,TEMPO Zero-Shot,88,3.18628,1.9844,0.24233
UK-AMo,TEMPO Zero-Shot,89,3.14047,1.92854,0.26396
UK-AMo,TEMPO Zero-Shot,90,3.15269,1.94058,0.25823
UK-AMo,TEMPO Zero-Shot,91,3.14501,1.9242,0.26183
UK-AMo,TEMPO Zero-Shot,92,3.15799,1.97109,0.25573
UK-AMo,TEMPO Zero-Shot,93,3.14232,1.9317,0.2631
UK-AMo,TEMPO Zero-Shot,94,3.19213,1.96612,0.23955
UK-AMo,TEMPO Zero-Shot,95,3.18384,1.96066,0.2435
UK-AMo,TEMPO Zero-Shot,96,3.15954,1.94387,0.255
UK-AMo,TEMPO Fine-Tuned,1,1.27481,0.78778,0.87871
UK-AMo,TEMPO Fine-Tuned,2,1.69676,1.06096,0.78513
UK-AMo,TEMPO Fine-Tuned,3,1.88378,1.16987,0.73515
UK-AMo,TEMPO Fine-Tuned,4,1.96269,1.21519,0.71249
UK-AMo,TEMPO Fine-Tuned,5,1.99916,1.23914,0.7017
UK-AMo,TEMPO Fine-Tuned,6,2.01583,1.24538,0.69671
UK-AMo,TEMPO Fine-Tuned,7,2.01886,1.247,0.6958
UK-AMo,TEMPO Fine-Tuned,8,2.00387,1.23982,0.7003
UK-AMo,TEMPO Fine-Tuned,9,2.0006,1.24695,0.70128
UK-AMo,TEMPO Fine-Tuned,10,1.98887,1.23791,0.70476
UK-AMo,TEMPO Fine-Tuned,11,2.02976,1.26493,0.6925
UK-AMo,TEMPO Fine-Tuned,12,1.99656,1.23448,0.70247
UK-AMo,TEMPO Fine-Tuned,13,2.04442,1.26114,0.68803
UK-AMo,TEMPO Fine-Tuned,14,2.02191,1.23467,0.69486
UK-AMo,TEMPO Fine-Tuned,15,2.00229,1.22312,0.70075
UK-AMo,TEMPO Fine-Tuned,16,1.99768,1.22835,0.70212
UK-AMo,TEMPO Fine-Tuned,17,1.99662,1.22361,0.70244
UK-AMo,TEMPO Fine-Tuned,18,1.99626,1.21881,0.70255
UK-AMo,TEMPO Fine-Tuned,19,1.99968,1.22947,0.70154
UK-AMo,TEMPO Fine-Tuned,20,1.99338,1.23737,0.70342
UK-AMo,TEMPO Fine-Tuned,21,1.99264,1.22638,0.70364
UK-AMo,TEMPO Fine-Tuned,22,1.99885,1.2147,0.70179
UK-AMo,TEMPO Fine-Tuned,23,2.03785,1.23208,0.69004
UK-AMo,TEMPO Fine-Tuned,24,2.06042,1.24633,0.68315
UK-AMo,TEMPO Fine-Tuned,25,2.12961,1.31503,0.66151
UK-AMo,TEMPO Fine-Tuned,26,2.18605,1.35835,0.64333
UK-AMo,TEMPO Fine-Tuned,27,2.22419,1.3854,0.63077
UK-AMo,TEMPO Fine-Tuned,28,2.23905,1.39406,0.62582
UK-AMo,TEMPO Fine-Tuned,29,2.25655,1.40997,0.61995
UK-AMo,TEMPO Fine-Tuned,30,2.24907,1.40671,0.62247
UK-AMo,TEMPO Fine-Tuned,31,2.23826,1.4005,0.62609
UK-AMo,TEMPO Fine-Tuned,32,2.22328,1.39045,0.63108
UK-AMo,TEMPO Fine-Tuned,33,2.22858,1.39077,0.62932
UK-AMo,TEMPO Fine-Tuned,34,2.2164,1.38543,0.63336
UK-AMo,TEMPO Fine-Tuned,35,2.22414,1.38552,0.63079
UK-AMo,TEMPO Fine-Tuned,36,2.24909,1.40016,0.62246
UK-AMo,TEMPO Fine-Tuned,37,2.248,1.40842,0.62284
UK-AMo,TEMPO Fine-Tuned,38,2.26822,1.42607,0.61602
UK-AMo,TEMPO Fine-Tuned,39,2.26819,1.42609,0.61602
UK-AMo,TEMPO Fine-Tuned,40,2.27799,1.40899,0.6127
UK-AMo,TEMPO Fine-Tuned,41,2.2709,1.42158,0.61511
UK-AMo,TEMPO Fine-Tuned,42,2.26558,1.43096,0.61691
UK-AMo,TEMPO Fine-Tuned,43,2.26585,1.41742,0.61682
UK-AMo,TEMPO Fine-Tuned,44,2.27122,1.42047,0.615
UK-AMo,TEMPO Fine-Tuned,45,2.29747,1.42906,0.60605
UK-AMo,TEMPO Fine-Tuned,46,2.33585,1.45467,0.59278
UK-AMo,TEMPO Fine-Tuned,47,2.35759,1.46992,0.58517
UK-AMo,TEMPO Fine-Tuned,48,2.31559,1.45403,0.59982
UK-AMo,TEMPO Fine-Tuned,49,2.34739,1.48829,0.58875
UK-AMo,TEMPO Fine-Tuned,50,2.40157,1.54038,0.56955
UK-AMo,TEMPO Fine-Tuned,51,2.41249,1.53777,0.56563
UK-AMo,TEMPO Fine-Tuned,52,2.42141,1.53783,0.56241
UK-AMo,TEMPO Fine-Tuned,53,2.43492,1.5404,0.55752
UK-AMo,TEMPO Fine-Tuned,54,2.41307,1.53189,0.56543
UK-AMo,TEMPO Fine-Tuned,55,2.40439,1.52042,0.56855
UK-AMo,TEMPO Fine-Tuned,56,2.39598,1.51588,0.57157
UK-AMo,TEMPO Fine-Tuned,57,2.39104,1.50794,0.57334
UK-AMo,TEMPO Fine-Tuned,58,2.3986,1.49794,0.57064
UK-AMo,TEMPO Fine-Tuned,59,2.40755,1.50317,0.56743
UK-AMo,TEMPO Fine-Tuned,60,2.40925,1.51056,0.56682
UK-AMo,TEMPO Fine-Tuned,61,2.42618,1.53346,0.56071
UK-AMo,TEMPO Fine-Tuned,62,2.44606,1.53629,0.55347
UK-AMo,TEMPO Fine-Tuned,63,2.44672,1.54863,0.55323
UK-AMo,TEMPO Fine-Tuned,64,2.44884,1.53771,0.55246
UK-AMo,TEMPO Fine-Tuned,65,2.4522,1.56554,0.55123
UK-AMo,TEMPO Fine-Tuned,66,2.49536,1.61918,0.5353
UK-AMo,TEMPO Fine-Tuned,67,2.45433,1.56976,0.55047
UK-AMo,TEMPO Fine-Tuned,68,2.46836,1.58934,0.54533
UK-AMo,TEMPO Fine-Tuned,69,2.47197,1.58837,0.54399
UK-AMo,TEMPO Fine-Tuned,70,2.4449,1.54622,0.55392
UK-AMo,TEMPO Fine-Tuned,71,2.47065,1.56626,0.54448
UK-AMo,TEMPO Fine-Tuned,72,2.47697,1.57218,0.54214
UK-AMo,TEMPO Fine-Tuned,73,2.50981,1.59849,0.52992
UK-AMo,TEMPO Fine-Tuned,74,2.55678,1.62507,0.51217
UK-AMo,TEMPO Fine-Tuned,75,2.56464,1.62814,0.50916
UK-AMo,TEMPO Fine-Tuned,76,2.56171,1.63402,0.51028
UK-AMo,TEMPO Fine-Tuned,77,2.56644,1.63743,0.50847
UK-AMo,TEMPO Fine-Tuned,78,2.56183,1.63369,0.51023
UK-AMo,TEMPO Fine-Tuned,79,2.56565,1.64699,0.50877
UK-AMo,TEMPO Fine-Tuned,80,2.55378,1.63336,0.51331
UK-AMo,TEMPO Fine-Tuned,81,2.53407,1.60799,0.52079
UK-AMo,TEMPO Fine-Tuned,82,2.54176,1.61303,0.51787
UK-AMo,TEMPO Fine-Tuned,83,2.55263,1.61203,0.51373
UK-AMo,TEMPO Fine-Tuned,84,2.57495,1.64503,0.50519
UK-AMo,TEMPO Fine-Tuned,85,2.5909,1.67588,0.49903
UK-AMo,TEMPO Fine-Tuned,86,2.58766,1.67145,0.50028
UK-AMo,TEMPO Fine-Tuned,87,2.57647,1.65364,0.50459
UK-AMo,TEMPO Fine-Tuned,88,2.57281,1.64723,0.506
UK-AMo,TEMPO Fine-Tuned,89,2.5934,1.67952,0.49806
UK-AMo,TEMPO Fine-Tuned,90,2.6113,1.69377,0.49112
UK-AMo,TEMPO Fine-Tuned,91,2.61411,1.69288,0.49002
UK-AMo,TEMPO Fine-Tuned,92,2.60816,1.68951,0.49233
UK-AMo,TEMPO Fine-Tuned,93,2.5955,1.66341,0.49725
UK-AMo,TEMPO Fine-Tuned,94,2.60249,1.65473,0.49454
UK-AMo,TEMPO Fine-Tuned,95,2.6215,1.66929,0.48713
UK-AMo,TEMPO Fine-Tuned,96,2.63618,1.69681,0.48137
UK-AMo,Persistence,1,1.52336,0.85179,0.8268
UK-AMo,Persistence,2,2.44817,1.40769,0.55267
UK-AMo,Persistence,3,3.24867,1.93557,0.21231
UK-AMo,Persistence,4,3.94423,2.43404,-0.16113
UK-AMo,Persistence,5,4.54877,2.9,-0.54433
UK-AMo,Persistence,6,5.0685,3.32678,-0.91738
UK-AMo,Persistence,7,5.50624,3.71378,-1.26285
UK-AMo,Persistence,8,5.87206,4.05504,-1.5735
UK-AMo,Persistence,9,6.16761,4.33829,-1.83911
UK-AMo,Persistence,10,6.38097,4.54593,-2.03898
UK-AMo,Persistence,11,6.50351,4.67192,-2.15686
UK-AMo,Persistence,12,6.52868,4.69264,-2.18141
UK-AMo,Persistence,13,6.45669,4.61892,-2.11165
UK-AMo,Persistence,14,6.291,4.45836,-1.95405
UK-AMo,Persistence,15,6.04521,4.21949,-1.72776
UK-AMo,Persistence,16,5.72813,3.91848,-1.44913
UK-AMo,Persistence,17,5.34696,3.57256,-1.13402
UK-AMo,Persistence,18,4.89854,3.19455,-0.79108
UK-AMo,Persistence,19,4.38191,2.78335,-0.43316
UK-AMo,Persistence,20,3.82471,2.35482,-0.09184
UK-AMo,Persistence,21,3.24774,1.93794,0.21273
UK-AMo,Persistence,22,2.6988,1.56485,0.45637
UK-AMo,Persistence,23,2.30002,1.29083,0.60516
UK-AMo,Persistence,24,2.23459,1.20267,0.62731
UK-AMo,Persistence,25,2.55875,1.43634,0.51135
UK-AMo,Persistence,26,3.10103,1.82703,0.28227
UK-AMo,Persistence,27,3.69114,2.24961,-0.01688
UK-AMo,Persistence,28,4.26642,2.68607,-0.35855
UK-AMo,Persistence,29,4.78844,3.10519,-0.71134
UK-AMo,Persistence,30,5.25109,3.49766,-1.058
UK-AMo,Persistence,31,5.64994,3.84178,-1.3825
UK-AMo,Persistence,32,5.97028,4.13946,-1.66031
UK-AMo,Persistence,33,6.21826,4.3805,-1.88592
UK-AMo,Persistence,34,6.39171,4.54862,-2.04919
UK-AMo,Persistence,35,6.4763,4.63169,-2.13044
UK-AMo,Persistence,36,6.47217,4.62764,-2.1264
UK-AMo,Persistence,37,6.37548,4.53192,-2.03363
UK-AMo,Persistence,38,6.19125,4.3507,-1.86086
UK-AMo,Persistence,39,5.9322,4.10451,-1.6265
UK-AMo,Persistence,40,5.60663,3.80336,-1.34609
UK-AMo,Persistence,41,5.22525,3.46181,-1.03777
UK-AMo,Persistence,42,4.78709,3.10572,-0.71034
UK-AMo,Persistence,43,4.29566,2.7182,-0.37721
UK-AMo,Persistence,44,3.77084,2.32477,-0.06125
UK-AMo,Persistence,45,3.24459,1.94316,0.21429
UK-AMo,Persistence,46,2.80196,1.62704,0.41405
UK-AMo,Persistence,47,2.529,1.41884,0.52265
UK-AMo,Persistence,48,2.5472,1.39548,0.51576
UK-AMo,Persistence,49,2.88679,1.64331,0.37804
UK-AMo,Persistence,50,3.38396,2.00906,0.14536
UK-AMo,Persistence,51,3.92066,2.4074,-0.14722
UK-AMo,Persistence,52,4.44041,2.81404,-0.47156
UK-AMo,Persistence,53,4.9195,3.21028,-0.80622
UK-AMo,Persistence,54,5.33915,3.56682,-1.12749
UK-AMo,Persistence,55,5.69778,3.88339,-1.42286
UK-AMo,Persistence,56,5.98687,4.15351,-1.67493
UK-AMo,Persistence,57,6.20547,4.36299,-1.87381
UK-AMo,Persistence,58,6.35213,4.50455,-2.01123
UK-AMo,Persistence,59,6.41104,4.56021,-2.06734
UK-AMo,Persistence,60,6.37843,4.53042,-2.03619
UK-AMo,Persistence,61,6.26095,4.41665,-1.92543
UK-AMo,Persistence,62,6.06298,4.22782,-1.74338
UK-AMo,Persistence,63,5.79518,3.97731,-1.50641
UK-AMo,Persistence,64,5.46473,3.67434,-1.22871
UK-AMo,Persistence,65,5.07979,3.3392,-0.92577
UK-AMo,Persistence,66,4.65425,2.99149,-0.6166
UK-AMo,Persistence,67,4.19079,2.62817,-0.31065
UK-AMo,Persistence,68,3.71517,2.27849,-0.03001
UK-AMo,Persistence,69,3.2672,1.95652,0.2034
UK-AMo,Persistence,70,2.89522,1.68289,0.37447
UK-AMo,Persistence,71,2.70177,1.51924,0.45527
UK-AMo,Persistence,72,2.78193,1.53656,0.42247
UK-AMo,Persistence,73,3.11188,1.78514,0.27735
UK-AMo,Persistence,74,3.58458,2.14827,0.04113
UK-AMo,Persistence,75,4.09088,2.54166,-0.24887
UK-AMo,Persistence,76,4.58015,2.93083,-0.56547
UK-AMo,Persistence,77,5.02416,3.3001,-0.8837
UK-AMo,Persistence,78,5.41614,3.63527,-1.18911
UK-AMo,Persistence,79,5.74716,3.92933,-1.46488
UK-AMo,Persistence,80,6.00983,4.17543,-1.69534
UK-AMo,Persistence,81,6.2019,4.35695,-1.87039
UK-AMo,Persistence,82,6.31516,4.47076,-1.9762
UK-AMo,Persistence,83,6.34494,4.50277,-2.00438
UK-AMo,Persistence,84,6.28989,4.44962,-1.95252
UK-AMo,Persistence,85,6.1573,4.32194,-1.82937
UK-AMo,Persistence,86,5.95273,4.13118,-1.64449
UK-AMo,Persistence,87,5.68533,3.87682,-1.41226
UK-AMo,Persistence,88,5.36266,3.58125,-1.14621
UK-AMo,Persistence,89,4.99166,3.25588,-0.85952
UK-AMo,Persistence,90,4.58065,2.92684,-0.56588
UK-AMo,Persistence,91,4.14988,2.58759,-0.28523
UK-AMo,Persistence,92,3.70518,2.26022,-0.02454
UK-AMo,Persistence,93,3.2956,1.96093,0.18945
UK-AMo,Persistence,94,2.97906,1.72229,0.33768
UK-AMo,Persistence,95,2.8513,1.60566,0.39327
UK-AMo,Persistence,96,2.97007,1.66817,0.34167
SE-Htm,Random Forest,1,5.70115,4.06215,0.37723
SE-Htm,Random Forest,2,5.75165,4.09967,0.36661
SE-Htm,Random Forest,3,5.77274,4.1133,0.36194
SE-Htm,Random Forest,4,5.77975,4.11471,0.36037
SE-Htm,Random Forest,5,5.78949,4.11976,0.35826
SE-Htm,Random Forest,6,5.79705,4.12589,0.35667
SE-Htm,Random Forest,7,5.8109,4.14292,0.35368
SE-Htm,Random Forest,8,5.83996,4.17115,0.34729
SE-Htm,Random Forest,9,5.85305,4.1891,0.34445
SE-Htm,Random Forest,10,5.85878,4.19828,0.34326
SE-Htm,Random Forest,11,5.86055,4.20343,0.34296
SE-Htm,Random Forest,12,5.86385,4.2108,0.34233
SE-Htm,Random Forest,13,5.87381,4.22101,0.34019
SE-Htm,Random Forest,14,5.88287,4.22523,0.33825
SE-Htm,Random Forest,15,5.89213,4.23004,0.33619
SE-Htm,Random Forest,16,5.89453,4.22938,0.33575
SE-Htm,Random Forest,17,5.89636,4.23034,0.33553
SE-Htm,Random Forest,18,5.90776,4.24639,0.3333
SE-Htm,Random Forest,19,5.91624,4.25821,0.3317
SE-Htm,Random Forest,20,5.93504,4.27945,0.32816
SE-Htm,Random Forest,21,5.94932,4.29064,0.3255
SE-Htm,Random Forest,22,5.96867,4.30359,0.3219
SE-Htm,Random Forest,23,5.98522,4.31871,0.31876
SE-Htm,Random Forest,24,6.01131,4.34146,0.31316
SE-Htm,Random Forest,25,6.03735,4.36689,0.30777
SE-Htm,Random Forest,26,6.04014,4.37386,0.30725
SE-Htm,Random Forest,27,6.03572,4.37205,0.30832
SE-Htm,Random Forest,28,6.03103,4.36738,0.30938
SE-Htm,Random Forest,29,6.02941,4.36249,0.30979
SE-Htm,Random Forest,30,6.03764,4.36595,0.308
SE-Htm,Random Forest,31,6.05396,4.38744,0.30435
SE-Htm,Random Forest,32,6.06733,4.40445,0.30138
SE-Htm,Random Forest,33,6.0738,4.41192,0.29998
SE-Htm,Random Forest,34,6.08211,4.419,0.29816
SE-Htm,Random Forest,35,6.08544,4.4232,0.29749
SE-Htm,Random Forest,36,6.09716,4.43411,0.29488
SE-Htm,Random Forest,37,6.11153,4.44662,0.29166
SE-Htm,Random Forest,38,6.1226,4.45808,0.28919
SE-Htm,Random Forest,39,6.12881,4.46027,0.28775
SE-Htm,Random Forest,40,6.1332,4.46474,0.28675
SE-Htm,Random Forest,41,6.1476,4.47371,0.2837
SE-Htm,Random Forest,42,6.15799,4.48946,0.28178
SE-Htm,Random Forest,43,6.18651,4.51402,0.276
SE-Htm,Random Forest,44,6.20613,4.53188,0.2725
SE-Htm,Random Forest,45,6.2104,4.5381,0.27224
SE-Htm,Random Forest,46,6.21481,4.53924,0.27221
SE-Htm,Random Forest,47,6.2351,4.554,0.2679
SE-Htm,Random Forest,48,6.26144,4.57369,0.26207
SE-Htm,Random Forest,49,6.28708,4.59113,0.25603
SE-Htm,Random Forest,50,6.29864,4.6034,0.25329
SE-Htm,Random Forest,51,6.29561,4.60347,0.25401
SE-Htm,Random Forest,52,6.28088,4.58726,0.25763
SE-Htm,Random Forest,53,6.27466,4.57669,0.25923
SE-Htm,Random Forest,54,6.27822,4.57553,0.25854
SE-Htm,Random Forest,55,6.29242,4.59773,0.25537
SE-Htm,Random Forest,56,6.30404,4.61214,0.25279
SE-Htm,Random Forest,57,6.30282,4.61256,0.25325
SE-Htm,Random Forest,58,6.30616,4.61675,0.25267
SE-Htm,Random Forest,59,6.32669,4.63421,0.24797
SE-Htm,Random Forest,60,6.34215,4.64671,0.24442
SE-Htm,Random Forest,61,6.34556,4.65326,0.24375
SE-Htm,Random Forest,62,6.34132,4.65024,0.24496
SE-Htm,Random Forest,63,6.34687,4.65181,0.24383
SE-Htm,Random Forest,64,6.35197,4.66045,0.24275
SE-Htm,Random Forest,65,6.38291,4.6843,0.23539
SE-Htm,Random Forest,66,6.40808,4.70754,0.22938
SE-Htm,Random Forest,67,6.43206,4.72807,0.22367
SE-Htm,Random Forest,68,6.43196,4.73554,0.22376
SE-Htm,Random Forest,69,6.42484,4.7263,0.22548
SE-Htm,Random Forest,70,6.43065,4.7291,0.22406
SE-Htm,Random Forest,71,6.46866,4.75671,0.21485
SE-Htm,Random Forest,72,6.48448,4.76827,0.21099
SE-Htm,Random Forest,73,6.47966,4.7624,0.21215
SE-Htm,Random Forest,74,6.47659,4.75811,0.21288
SE-Htm,Random Forest,75,6.45924,4.74127,0.21708
SE-Htm,Random Forest,76,6.45111,4.72636,0.21907
SE-Htm,Random Forest,77,6.45401,4.72621,0.21849
SE-Htm,Random Forest,78,6.46588,4.72624,0.21572
SE-Htm,Random Forest,79,6.47469,4.73597,0.21365
SE-Htm,Random Forest,80,6.48401,4.74809,0.21152
SE-Htm,Random Forest,81,6.48821,4.75369,0.21064
SE-Htm,Random Forest,82,6.4904,4.76153,0.21023
SE-Htm,Random Forest,83,6.48208,4.75894,0.21237
SE-Htm,Random Forest,84,6.48167,4.76489,0.2126
SE-Htm,Random Forest,85,6.4782,4.76576,0.21354
SE-Htm,Random Forest,86,6.4608,4.75597,0.21797
SE-Htm,Random Forest,87,6.45122,4.74974,0.22037
SE-Htm,Random Forest,88,6.46284,4.76025,0.21757
SE-Htm,Random Forest,89,6.48666,4.77751,0.21177
SE-Htm,Random Forest,90,6.49959,4.7879,0.20865
SE-Htm,Random Forest,91,6.52469,4.80851,0.20277
SE-Htm,Random Forest,92,6.53843,4.8217,0.19978
SE-Htm,Random Forest,93,6.55085,4.83159,0.19687
SE-Htm,Random Forest,94,6.55691,4.83557,0.19563
SE-Htm,Random Forest,95,6.56267,4.8375,0.19549
SE-Htm,Random Forest,96,6.56033,4.83464,0.19672
SE-Htm,XGBoost,1,5.57866,4.01608,0.40371
SE-Htm,XGBoost,2,5.61133,4.0526,0.39713
SE-Htm,XGBoost,3,5.60635,4.07741,0.39819
SE-Htm,XGBoost,4,5.62452,4.10031,0.39427
SE-Htm,XGBoost,5,5.6749,4.13907,0.38341
SE-Htm,XGBoost,6,5.67555,4.13178,0.38335
SE-Htm,XGBoost,7,5.74126,4.19048,0.36908
SE-Htm,XGBoost,8,5.84035,4.24599,0.3472
SE-Htm,XGBoost,9,5.81147,4.24837,0.35373
SE-Htm,XGBoost,10,5.83976,4.26781,0.34751
SE-Htm,XGBoost,11,5.8478,4.27331,0.34582
SE-Htm,XGBoost,12,5.89414,4.2917,0.33551
SE-Htm,XGBoost,13,5.9278,4.31978,0.328
SE-Htm,XGBoost,14,5.8812,4.30109,0.33862
SE-Htm,XGBoost,15,5.86236,4.27937,0.34288
SE-Htm,XGBoost,16,5.89602,4.32398,0.33542
SE-Htm,XGBoost,17,5.93114,4.33719,0.32767
SE-Htm,XGBoost,18,5.97682,4.36969,0.31762
SE-Htm,XGBoost,19,5.96731,4.35769,0.32011
SE-Htm,XGBoost,20,5.92226,4.33245,0.33106
SE-Htm,XGBoost,21,6.00645,4.37693,0.31248
SE-Htm,XGBoost,22,6.0405,4.42014,0.30548
SE-Htm,XGBoost,23,6.16236,4.52403,0.27784
SE-Htm,XGBoost,24,6.08883,4.45754,0.29534
SE-Htm,XGBoost,25,6.08999,4.47331,0.29565
SE-Htm,XGBoost,26,6.15516,4.54611,0.28062
SE-Htm,XGBoost,27,6.15114,4.54158,0.28161
SE-Htm,XGBoost,28,6.17133,4.56423,0.27688
SE-Htm,XGBoost,29,6.23923,4.60762,0.26092
SE-Htm,XGBoost,30,6.28793,4.64484,0.24944
SE-Htm,XGBoost,31,6.32702,4.6595,0.24018
SE-Htm,XGBoost,32,6.31137,4.65444,0.24404
SE-Htm,XGBoost,33,6.31639,4.6523,0.24294
SE-Htm,XGBoost,34,6.36774,4.69351,0.23069
SE-Htm,XGBoost,35,6.23332,4.60315,0.26293
SE-Htm,XGBoost,36,6.36482,4.70167,0.23162
SE-Htm,XGBoost,37,6.31823,4.67141,0.24293
SE-Htm,XGBoost,38,6.31537,4.67444,0.24372
SE-Htm,XGBoost,39,6.28036,4.64833,0.25209
SE-Htm,XGBoost,40,6.30966,4.67106,0.24512
SE-Htm,XGBoost,41,6.24551,4.62369,0.26071
SE-Htm,XGBoost,42,6.3589,4.71593,0.23416
SE-Htm,XGBoost,43,6.3335,4.69862,0.24119
SE-Htm,XGBoost,44,6.33996,4.69424,0.24078
SE-Htm,XGBoost,45,6.31628,4.67182,0.24722
SE-Htm,XGBoost,46,6.38365,4.73525,0.23213
SE-Htm,XGBoost,47,6.40907,4.74553,0.22648
SE-Htm,XGBoost,48,6.22818,4.6413,0.26989
SE-Htm,XGBoost,49,6.22644,4.62029,0.27031
SE-Htm,XGBoost,50,6.17573,4.57357,0.28215
SE-Htm,XGBoost,51,6.21226,4.59504,0.27364
SE-Htm,XGBoost,52,6.25707,4.63109,0.26325
SE-Htm,XGBoost,53,6.19437,4.57964,0.27807
SE-Htm,XGBoost,54,6.24958,4.62873,0.26528
SE-Htm,XGBoost,55,6.31541,4.65639,0.24992
SE-Htm,XGBoost,56,6.31847,4.67155,0.24936
SE-Htm,XGBoost,57,6.28366,4.65545,0.25779
SE-Htm,XGBoost,58,6.29369,4.66455,0.25562
SE-Htm,XGBoost,59,6.19917,4.61021,0.27798
SE-Htm,XGBoost,60,6.23519,4.63165,0.26969
SE-Htm,XGBoost,61,6.28901,4.67374,0.25716
SE-Htm,XGBoost,62,6.29954,4.67929,0.25488
SE-Htm,XGBoost,63,6.2345,4.64727,0.27037
SE-Htm,XGBoost,64,6.27401,4.66441,0.26123
SE-Htm,XGBoost,65,6.22312,4.63422,0.27319
SE-Htm,XGBoost,66,6.21533,4.62226,0.27504
SE-Htm,XGBoost,67,6.25226,4.65595,0.26646
SE-Htm,XGBoost,68,6.24701,4.64629,0.26776
SE-Htm,XGBoost,69,6.26944,4.6651,0.2625
SE-Htm,XGBoost,70,6.25913,4.65197,0.2649
SE-Htm,XGBoost,71,6.29076,4.68376,0.25744
SE-Htm,XGBoost,72,6.29816,4.67116,0.25568
SE-Htm,XGBoost,73,6.25942,4.64384,0.26479
SE-Htm,XGBoost,74,6.28565,4.66076,0.2586
SE-Htm,XGBoost,75,6.27512,4.64893,0.26107
SE-Htm,XGBoost,76,6.31908,4.68746,0.25071
SE-Htm,XGBoost,77,6.30118,4.66811,0.25507
SE-Htm,XGBoost,78,6.3577,4.71461,0.24175
SE-Htm,XGBoost,79,6.32782,4.6979,0.24892
SE-Htm,XGBoost,80,6.32623,4.68118,0.24943
SE-Htm,XGBoost,81,6.26946,4.64936,0.26297
SE-Htm,XGBoost,82,6.29297,4.66207,0.25755
SE-Htm,XGBoost,83,6.27267,4.64559,0.26244
SE-Htm,XGBoost,84,6.26954,4.65827,0.26329
SE-Htm,XGBoost,85,6.26268,4.65111,0.265
SE-Htm,XGBoost,86,6.30037,4.66847,0.25632
SE-Htm,XGBoost,87,6.26905,4.6495,0.26378
SE-Htm,XGBoost,88,6.26678,4.66115,0.26432
SE-Htm,XGBoost,89,6.26514,4.64541,0.26469
SE-Htm,XGBoost,90,6.26754,4.6612,0.26415
SE-Htm,XGBoost,91,6.28532,4.66099,0.2602
SE-Htm,XGBoost,92,6.23856,4.62076,0.2715
SE-Htm,XGBoost,93,6.27731,4.64973,0.26255
SE-Htm,XGBoost,94,6.35465,4.71133,0.24449
SE-Htm,XGBoost,95,6.38622,4.73867,0.23817
SE-Htm,XGBoost,96,6.64932,4.93039,0.17478
SE-Htm,LSTM,1,5.87856,4.2268,0.33787
SE-Htm,LSTM,2,5.87027,4.20449,0.34021
SE-Htm,LSTM,3,5.87324,4.20585,0.33953
SE-Htm,LSTM,4,5.89426,4.22501,0.33478
SE-Htm,LSTM,5,5.89551,4.23037,0.33454
SE-Htm,LSTM,6,5.90947,4.25731,0.33147
SE-Htm,LSTM,7,5.93876,4.28157,0.32492
SE-Htm,LSTM,8,5.94258,4.28259,0.32415
SE-Htm,LSTM,9,5.93789,4.26924,0.32531
SE-Htm,LSTM,10,5.9223,4.26196,0.32894
SE-Htm,LSTM,11,5.89424,4.24036,0.33539
SE-Htm,LSTM,12,5.88287,4.23562,0.33805
SE-Htm,LSTM,13,5.8858,4.24792,0.33749
SE-Htm,LSTM,14,5.9026,4.26875,0.3338
SE-Htm,LSTM,15,5.91547,4.26797,0.33092
SE-Htm,LSTM,16,5.99645,4.32654,0.31258
SE-Htm,LSTM,17,6.07216,4.37979,0.29532
SE-Htm,LSTM,18,6.13235,4.40839,0.28164
SE-Htm,LSTM,19,6.12453,4.39025,0.28381
SE-Htm,LSTM,20,6.10181,4.38039,0.28988
SE-Htm,LSTM,21,6.11758,4.4003,0.28681
SE-Htm,LSTM,22,6.15569,4.43505,0.27874
SE-Htm,LSTM,23,6.1883,4.44974,0.27175
SE-Htm,LSTM,24,6.17276,4.421,0.27578
SE-Htm,LSTM,25,6.18252,4.41627,0.27408
SE-Htm,LSTM,26,6.18693,4.42077,0.27317
SE-Htm,LSTM,27,6.17483,4.42226,0.27607
SE-Htm,LSTM,28,6.19085,4.44794,0.2723
SE-Htm,LSTM,29,6.20659,4.46327,0.26863
SE-Htm,LSTM,30,6.21648,4.47552,0.2664
SE-Htm,LSTM,31,6.23547,4.50109,0.26201
SE-Htm,LSTM,32,6.22255,4.50007,0.26517
SE-Htm,LSTM,33,6.22678,4.49911,0.26427
SE-Htm,LSTM,34,6.2335,4.50692,0.26278
SE-Htm,LSTM,35,6.22006,4.49708,0.26606
SE-Htm,LSTM,36,6.21543,4.50178,0.26726
SE-Htm,LSTM,37,6.21757,4.49575,0.26686
SE-Htm,LSTM,38,6.23877,4.49591,0.26196
SE-Htm,LSTM,39,6.25326,4.48801,0.25853
SE-Htm,LSTM,40,6.28851,4.51617,0.25017
SE-Htm,LSTM,41,6.33201,4.54946,0.24009
SE-Htm,LSTM,42,6.36296,4.5807,0.23318
SE-Htm,LSTM,43,6.3396,4.55807,0.23973
SE-Htm,LSTM,44,6.36775,4.58527,0.23411
SE-Htm,LSTM,45,6.42597,4.63422,0.22084
SE-Htm,LSTM,46,6.4846,4.67638,0.20765
SE-Htm,LSTM,47,6.50113,4.68645,0.2041
SE-Htm,LSTM,48,6.47668,4.66991,0.21047
SE-Htm,LSTM,49,6.45282,4.65494,0.21629
SE-Htm,LSTM,50,6.46408,4.66006,0.21355
SE-Htm,LSTM,51,6.48341,4.67363,0.20884
SE-Htm,LSTM,52,6.51113,4.7019,0.2022
SE-Htm,LSTM,53,6.52361,4.71654,0.19929
SE-Htm,LSTM,54,6.57586,4.76425,0.18657
SE-Htm,LSTM,55,6.63269,4.8116,0.17266
SE-Htm,LSTM,56,6.67492,4.84722,0.16228
SE-Htm,LSTM,57,6.68167,4.8527,0.16078
SE-Htm,LSTM,58,6.65323,4.82172,0.16814
SE-Htm,LSTM,59,6.62066,4.8018,0.17646
SE-Htm,LSTM,60,6.58579,4.78506,0.18525
SE-Htm,LSTM,61,6.54912,4.76883,0.19445
SE-Htm,LSTM,62,6.54385,4.77593,0.19597
SE-Htm,LSTM,63,6.5555,4.78366,0.19331
SE-Htm,LSTM,64,6.60375,4.82214,0.18153
SE-Htm,LSTM,65,6.62172,4.84333,0.17711
SE-Htm,LSTM,66,6.64426,4.85961,0.17153
SE-Htm,LSTM,67,6.67165,4.87372,0.16475
SE-Htm,LSTM,68,6.69901,4.8979,0.15797
SE-Htm,LSTM,69,6.72197,4.90991,0.15219
SE-Htm,LSTM,70,6.73307,4.91801,0.14937
SE-Htm,LSTM,71,6.72896,4.91136,0.15039
SE-Htm,LSTM,72,6.71044,4.89244,0.15504
SE-Htm,LSTM,73,6.70108,4.88646,0.15738
SE-Htm,LSTM,74,6.72271,4.90631,0.15192
SE-Htm,LSTM,75,6.76987,4.9435,0.13996
SE-Htm,LSTM,76,6.74952,4.92079,0.14516
SE-Htm,LSTM,77,6.76898,4.93047,0.14035
SE-Htm,LSTM,78,6.81592,4.9654,0.12851
SE-Htm,LSTM,79,6.86292,4.9964,0.11653
SE-Htm,LSTM,80,6.81986,4.96897,0.12773
SE-Htm,LSTM,81,6.76895,4.93669,0.14085
SE-Htm,LSTM,82,6.71734,4.91434,0.15403
SE-Htm,LSTM,83,6.66492,4.87704,0.16731
SE-Htm,LSTM,84,6.63032,4.84927,0.17607
SE-Htm,LSTM,85,6.62863,4.86247,0.17659
SE-Htm,LSTM,86,6.60941,4.85295,0.18158
SE-Htm,LSTM,87,6.61856,4.86618,0.1794
SE-Htm,LSTM,88,6.61959,4.87085,0.17916
SE-Htm,LSTM,89,6.65163,4.90231,0.17117
SE-Htm,LSTM,90,6.66816,4.91192,0.16707
SE-Htm,LSTM,91,6.65807,4.89925,0.16984
SE-Htm,LSTM,92,6.68488,4.92743,0.16353
SE-Htm,LSTM,93,6.71504,4.9545,0.15611
SE-Htm,LSTM,94,6.72067,4.95074,0.15495
SE-Htm,LSTM,95,6.72212,4.94417,0.15592
SE-Htm,LSTM,96,6.74323,4.96672,0.1513
SE-Htm,TEMPO Zero-Shot,1,2.68091,1.78211,0.86229
SE-Htm,TEMPO Zero-Shot,2,3.14413,2.08439,0.81073
SE-Htm,TEMPO Zero-Shot,3,3.26245,2.11435,0.79621
SE-Htm,TEMPO Zero-Shot,4,3.34554,2.17419,0.78569
SE-Htm,TEMPO Zero-Shot,5,3.43402,2.23805,0.77422
SE-Htm,TEMPO Zero-Shot,6,3.46234,2.26199,0.77051
SE-Htm,TEMPO Zero-Shot,7,3.48744,2.30177,0.7672
SE-Htm,TEMPO Zero-Shot,8,3.55266,2.37239,0.75845
SE-Htm,TEMPO Zero-Shot,9,3.50333,2.3235,0.76514
SE-Htm,TEMPO Zero-Shot,10,3.54829,2.36952,0.75911
SE-Htm,TEMPO Zero-Shot,11,3.59764,2.4141,0.7524
SE-Htm,TEMPO Zero-Shot,12,3.47359,2.29386,0.76922
SE-Htm,TEMPO Zero-Shot,13,3.47178,2.28439,0.76949
SE-Htm,TEMPO Zero-Shot,14,3.50293,2.31106,0.76537
SE-Htm,TEMPO Zero-Shot,15,3.48489,2.28846,0.76779
SE-Htm,TEMPO Zero-Shot,16,3.47815,2.28231,0.76872
SE-Htm,TEMPO Zero-Shot,17,3.49945,2.31474,0.76595
SE-Htm,TEMPO Zero-Shot,18,3.50427,2.3175,0.76542
SE-Htm,TEMPO Zero-Shot,19,3.54699,2.3427,0.75978
SE-Htm,TEMPO Zero-Shot,20,3.53051,2.31598,0.76227
SE-Htm,TEMPO Zero-Shot,21,3.50347,2.27714,0.76609
SE-Htm,TEMPO Zero-Shot,22,3.49556,2.26193,0.76742
SE-Htm,TEMPO Zero-Shot,23,3.52561,2.2959,0.76362
SE-Htm,TEMPO Zero-Shot,24,3.52988,2.30029,0.76317
SE-Htm,TEMPO Zero-Shot,25,3.51123,2.30166,0.76586
SE-Htm,TEMPO Zero-Shot,26,3.53743,2.35051,0.76239
SE-Htm,TEMPO Zero-Shot,27,3.56005,2.38511,0.75936
SE-Htm,TEMPO Zero-Shot,28,3.55277,2.3704,0.76034
SE-Htm,TEMPO Zero-Shot,29,3.59782,2.40774,0.75424
SE-Htm,TEMPO Zero-Shot,30,3.64948,2.44643,0.74717
SE-Htm,TEMPO Zero-Shot,31,3.57694,2.38253,0.75715
SE-Htm,TEMPO Zero-Shot,32,3.58645,2.40918,0.75589
SE-Htm,TEMPO Zero-Shot,33,3.6061,2.43657,0.75325
SE-Htm,TEMPO Zero-Shot,34,3.56964,2.40271,0.75824
SE-Htm,TEMPO Zero-Shot,35,3.60537,2.42299,0.75341
SE-Htm,TEMPO Zero-Shot,36,3.64623,2.45699,0.74783
SE-Htm,TEMPO Zero-Shot,37,3.65791,2.46069,0.74625
SE-Htm,TEMPO Zero-Shot,38,3.6791,2.46936,0.74334
SE-Htm,TEMPO Zero-Shot,39,3.63798,2.44236,0.74904
SE-Htm,TEMPO Zero-Shot,40,3.65025,2.44388,0.74735
SE-Htm,TEMPO Zero-Shot,41,3.60977,2.41759,0.75303
SE-Htm,TEMPO Zero-Shot,42,3.61856,2.42843,0.752
SE-Htm,TEMPO Zero-Shot,43,3.61797,2.42383,0.75239
SE-Htm,TEMPO Zero-Shot,44,3.61907,2.42303,0.75261
SE-Htm,TEMPO Zero-Shot,45,3.63584,2.44846,0.75057
SE-Htm,TEMPO Zero-Shot,46,3.60287,2.4011,0.75541
SE-Htm,TEMPO Zero-Shot,47,3.62576,2.42184,0.75244
SE-Htm,TEMPO Zero-Shot,48,3.62591,2.40868,0.75254
SE-Htm,TEMPO Zero-Shot,49,3.5982,2.40276,0.75632
SE-Htm,TEMPO Zero-Shot,50,3.6464,2.45476,0.74974
SE-Htm,TEMPO Zero-Shot,51,3.63754,2.44521,0.75096
SE-Htm,TEMPO Zero-Shot,52,3.64777,2.44837,0.7496
SE-Htm,TEMPO Zero-Shot,53,3.68016,2.47599,0.74518
SE-Htm,TEMPO Zero-Shot,54,3.67953,2.46396,0.74532
SE-Htm,TEMPO Zero-Shot,55,3.69931,2.47906,0.74264
SE-Htm,TEMPO Zero-Shot,56,3.69284,2.48044,0.74359
SE-Htm,TEMPO Zero-Shot,57,3.67978,2.47812,0.74546
SE-Htm,TEMPO Zero-Shot,58,3.64808,2.46197,0.7499
SE-Htm,TEMPO Zero-Shot,59,3.6843,2.50652,0.74497
SE-Htm,TEMPO Zero-Shot,60,3.70943,2.5272,0.74152
SE-Htm,TEMPO Zero-Shot,61,3.85392,2.68167,0.72105
SE-Htm,TEMPO Zero-Shot,62,3.80286,2.60672,0.72846
SE-Htm,TEMPO Zero-Shot,63,3.76211,2.56734,0.73432
SE-Htm,TEMPO Zero-Shot,64,3.66484,2.47486,0.74792
SE-Htm,TEMPO Zero-Shot,65,3.72486,2.54183,0.73961
SE-Htm,TEMPO Zero-Shot,66,3.68247,2.49235,0.74551
SE-Htm,TEMPO Zero-Shot,67,3.68339,2.49364,0.74541
SE-Htm,TEMPO Zero-Shot,68,3.70036,2.50654,0.74308
SE-Htm,TEMPO Zero-Shot,69,3.70668,2.48795,0.7422
SE-Htm,TEMPO Zero-Shot,70,3.7084,2.48255,0.74196
SE-Htm,TEMPO Zero-Shot,71,3.70904,2.47337,0.74187
SE-Htm,TEMPO Zero-Shot,72,3.70177,2.47517,0.74287
SE-Htm,TEMPO Zero-Shot,73,3.70148,2.48463,0.74291
SE-Htm,TEMPO Zero-Shot,74,3.7107,2.50596,0.74162
SE-Htm,TEMPO Zero-Shot,75,3.71137,2.50786,0.74152
SE-Htm,TEMPO Zero-Shot,76,3.69986,2.49552,0.74313
SE-Htm,TEMPO Zero-Shot,77,3.69677,2.49082,0.7436
SE-Htm,TEMPO Zero-Shot,78,3.68112,2.48307,0.7458
SE-Htm,TEMPO Zero-Shot,79,3.73476,2.53065,0.73836
SE-Htm,TEMPO Zero-Shot,80,3.79928,2.59116,0.72929
SE-Htm,TEMPO Zero-Shot,81,3.73748,2.534,0.73807
SE-Htm,TEMPO Zero-Shot,82,3.73201,2.53023,0.73888
SE-Htm,TEMPO Zero-Shot,83,3.71908,2.51985,0.74072
SE-Htm,TEMPO Zero-Shot,84,3.75442,2.55221,0.73581
SE-Htm,TEMPO Zero-Shot,85,3.73703,2.53519,0.73829
SE-Htm,TEMPO Zero-Shot,86,3.74426,2.54175,0.73734
SE-Htm,TEMPO Zero-Shot,87,3.70279,2.51323,0.74316
SE-Htm,TEMPO Zero-Shot,88,3.70314,2.49747,0.74311
SE-Htm,TEMPO Zero-Shot,89,3.71565,2.51668,0.74137
SE-Htm,TEMPO Zero-Shot,90,3.73581,2.52407,0.73856
SE-Htm,TEMPO Zero-Shot,91,3.80079,2.5931,0.72947
SE-Htm,TEMPO Zero-Shot,92,3.78284,2.5714,0.73215
SE-Htm,TEMPO Zero-Shot,93,3.74084,2.5259,0.73811
SE-Htm,TEMPO Zero-Shot,94,3.81165,2.62591,0.72818
SE-Htm,TEMPO Zero-Shot,95,3.73425,2.54162,0.73952
SE-Htm,TEMPO Zero-Shot,96,3.71646,2.52207,0.7422
SE-Htm,TEMPO Fine-Tuned,1,2.43464,1.57432,0.88643
SE-Htm,TEMPO Fine-Tuned,2,2.94883,1.94297,0.83351
SE-Htm,TEMPO Fine-Tuned,3,3.2738,2.18274,0.79479
SE-Htm,TEMPO Fine-Tuned,4,3.37647,2.2475,0.78171
SE-Htm,TEMPO Fine-Tuned,5,3.42218,2.26519,0.77577
SE-Htm,TEMPO Fine-Tuned,6,3.40712,2.2463,0.77777
SE-Htm,TEMPO Fine-Tuned,7,3.40633,2.26929,0.77791
SE-Htm,TEMPO Fine-Tuned,8,3.38855,2.23123,0.78025
SE-Htm,TEMPO Fine-Tuned,9,3.40887,2.26815,0.77764
SE-Htm,TEMPO Fine-Tuned,10,3.41668,2.28036,0.77665
SE-Htm,TEMPO Fine-Tuned,11,3.51331,2.36597,0.76387
SE-Htm,TEMPO Fine-Tuned,12,3.4338,2.29605,0.77448
SE-Htm,TEMPO Fine-Tuned,13,3.53535,2.37579,0.76097
SE-Htm,TEMPO Fine-Tuned,14,3.49731,2.32229,0.76612
SE-Htm,TEMPO Fine-Tuned,15,3.43821,2.27703,0.77397
SE-Htm,TEMPO Fine-Tuned,16,3.46113,2.30784,0.77098
SE-Htm,TEMPO Fine-Tuned,17,3.41589,2.27665,0.777
SE-Htm,TEMPO Fine-Tuned,18,3.43173,2.27948,0.77504
SE-Htm,TEMPO Fine-Tuned,19,3.50754,2.34546,0.7651
SE-Htm,TEMPO Fine-Tuned,20,3.51431,2.34245,0.76444
SE-Htm,TEMPO Fine-Tuned,21,3.50274,2.32037,0.76619
SE-Htm,TEMPO Fine-Tuned,22,3.56483,2.352,0.75811
SE-Htm,TEMPO Fine-Tuned,23,3.64539,2.43864,0.74729
SE-Htm,TEMPO Fine-Tuned,24,3.64283,2.42667,0.74777
SE-Htm,TEMPO Fine-Tuned,25,3.65181,2.48787,0.74673
SE-Htm,TEMPO Fine-Tuned,26,3.70815,2.52471,0.73891
SE-Htm,TEMPO Fine-Tuned,27,3.69007,2.556,0.74147
SE-Htm,TEMPO Fine-Tuned,28,3.72516,2.57542,0.73652
SE-Htm,TEMPO Fine-Tuned,29,3.7396,2.58915,0.73449
SE-Htm,TEMPO Fine-Tuned,30,3.72456,2.56967,0.73666
SE-Htm,TEMPO Fine-Tuned,31,3.68613,2.54871,0.7421
SE-Htm,TEMPO Fine-Tuned,32,3.68896,2.54371,0.74174
SE-Htm,TEMPO Fine-Tuned,33,3.62258,2.49577,0.75098
SE-Htm,TEMPO Fine-Tuned,34,3.61712,2.49459,0.75177
SE-Htm,TEMPO Fine-Tuned,35,3.67658,2.52326,0.74358
SE-Htm,TEMPO Fine-Tuned,36,3.75868,2.56611,0.73204
SE-Htm,TEMPO Fine-Tuned,37,3.73188,2.55778,0.73588
SE-Htm,TEMPO Fine-Tuned,38,3.76324,2.60115,0.73146
SE-Htm,TEMPO Fine-Tuned,39,3.73645,2.58148,0.73527
SE-Htm,TEMPO Fine-Tuned,40,3.78946,2.58964,0.72771
SE-Htm,TEMPO Fine-Tuned,41,3.68762,2.54166,0.74226
SE-Htm,TEMPO Fine-Tuned,42,3.75742,2.59131,0.7326
SE-Htm,TEMPO Fine-Tuned,43,3.70425,2.54368,0.74043
SE-Htm,TEMPO Fine-Tuned,44,3.70396,2.55071,0.74086
SE-Htm,TEMPO Fine-Tuned,45,3.78922,2.59419,0.72908
SE-Htm,TEMPO Fine-Tuned,46,3.92011,2.69422,0.71043
SE-Htm,TEMPO Fine-Tuned,47,3.94599,2.71399,0.70678
SE-Htm,TEMPO Fine-Tuned,48,3.7898,2.59712,0.72967
SE-Htm,TEMPO Fine-Tuned,49,3.78322,2.61876,0.73061
SE-Htm,TEMPO Fine-Tuned,50,3.87245,2.69881,0.71775
SE-Htm,TEMPO Fine-Tuned,51,3.88844,2.68644,0.71542
SE-Htm,TEMPO Fine-Tuned,52,3.9424,2.71483,0.70752
SE-Htm,TEMPO Fine-Tuned,53,3.9926,2.74452,0.70008
SE-Htm,TEMPO Fine-Tuned,54,3.88663,2.68116,0.71584
SE-Htm,TEMPO Fine-Tuned,55,3.88254,2.67543,0.71651
SE-Htm,TEMPO Fine-Tuned,56,3.8651,2.67777,0.71911
SE-Htm,TEMPO Fine-Tuned,57,3.84531,2.67197,0.72205
SE-Htm,TEMPO Fine-Tuned,58,3.88871,2.68842,0.71582
SE-Htm,TEMPO Fine-Tuned,59,3.8776,2.67863,0.71751
SE-Htm,TEMPO Fine-Tuned,60,3.86256,2.66873,0.71974
SE-Htm,TEMPO Fine-Tuned,61,3.87248,2.68564,0.71835
SE-Htm,TEMPO Fine-Tuned,62,3.93089,2.70151,0.70987
SE-Htm,TEMPO Fine-Tuned,63,3.90849,2.70394,0.71324
SE-Htm,TEMPO Fine-Tuned,64,3.99591,2.7423,0.70032
SE-Htm,TEMPO Fine-Tuned,65,3.90286,2.73018,0.71413
SE-Htm,TEMPO Fine-Tuned,66,3.97989,2.82223,0.70275
SE-Htm,TEMPO Fine-Tuned,67,3.9107,2.71251,0.71302
SE-Htm,TEMPO Fine-Tuned,68,3.93884,2.76014,0.7089
SE-Htm,TEMPO Fine-Tuned,69,3.89814,2.72436,0.71488
SE-Htm,TEMPO Fine-Tuned,70,3.86728,2.66925,0.71937
SE-Htm,TEMPO Fine-Tuned,71,3.863,2.68533,0.71999
SE-Htm,TEMPO Fine-Tuned,72,3.96123,2.74366,0.70556
SE-Htm,TEMPO Fine-Tuned,73,4.0701,2.80551,0.68915
SE-Htm,TEMPO Fine-Tuned,74,4.2669,2.91814,0.65836
SE-Htm,TEMPO Fine-Tuned,75,4.23811,2.91587,0.66294
SE-Htm,TEMPO Fine-Tuned,76,4.09587,2.85443,0.6852
SE-Htm,TEMPO Fine-Tuned,77,4.017,2.81104,0.69725
SE-Htm,TEMPO Fine-Tuned,78,4.0265,2.81031,0.69586
SE-Htm,TEMPO Fine-Tuned,79,3.99519,2.81317,0.7006
SE-Htm,TEMPO Fine-Tuned,80,4.04758,2.8584,0.69275
SE-Htm,TEMPO Fine-Tuned,81,4.03496,2.82815,0.69472
SE-Htm,TEMPO Fine-Tuned,82,4.07824,2.86493,0.68818
SE-Htm,TEMPO Fine-Tuned,83,4.07307,2.84547,0.68902
SE-Htm,TEMPO Fine-Tuned,84,4.09276,2.90843,0.68605
SE-Htm,TEMPO Fine-Tuned,85,4.05397,2.89975,0.69201
SE-Htm,TEMPO Fine-Tuned,86,4.08362,2.89261,0.68758
SE-Htm,TEMPO Fine-Tuned,87,4.06498,2.85142,0.69046
SE-Htm,TEMPO Fine-Tuned,88,4.12757,2.89221,0.68086
SE-Htm,TEMPO Fine-Tuned,89,4.09938,2.92883,0.68519
SE-Htm,TEMPO Fine-Tuned,90,4.15834,2.97328,0.67608
SE-Htm,TEMPO Fine-Tuned,91,4.11148,2.92728,0.68344
SE-Htm,TEMPO Fine-Tuned,92,4.13348,2.93637,0.68019
SE-Htm,TEMPO Fine-Tuned,93,4.07934,2.86336,0.68856
SE-Htm,TEMPO Fine-Tuned,94,4.09577,2.83861,0.68615
SE-Htm,TEMPO Fine-Tuned,95,4.13338,2.86671,0.68086
SE-Htm,TEMPO Fine-Tuned,96,4.13204,2.9204,0.68133
SE-Htm,Persistence,1,3.11041,1.92462,0.81463
SE-Htm,Persistence,2,4.77586,3.0931,0.56329
SE-Htm,Persistence,3,6.30599,4.2166,0.23861
SE-Htm,Persistence,4,7.67427,5.30238,-0.12767
SE-Htm,Persistence,5,8.89926,6.31942,-0.51632
SE-Htm,Persistence,6,9.98975,7.30031,-0.91043
SE-Htm,Persistence,7,10.93793,8.19574,-1.28998
SE-Htm,Persistence,8,11.74785,9.01838,-1.6413
SE-Htm,Persistence,9,12.40973,9.70039,-1.9469
SE-Htm,Persistence,10,12.88279,10.18912,-2.17541
SE-Htm,Persistence,11,13.17468,10.4828,-2.32043
SE-Htm,Persistence,12,13.27093,10.57577,-2.36859
SE-Htm,Persistence,13,13.17679,10.47758,-2.32047
SE-Htm,Persistence,14,12.88452,10.17392,-2.17433
SE-Htm,Persistence,15,12.41391,9.68138,-1.94656
SE-Htm,Persistence,16,11.75496,9.00267,-1.64165
SE-Htm,Persistence,17,10.94909,8.20043,-1.29119
SE-Htm,Persistence,18,10.02331,7.31375,-0.91915
SE-Htm,Persistence,19,8.99455,6.37577,-0.54468
SE-Htm,Persistence,20,7.87092,5.42283,-0.18159
SE-Htm,Persistence,21,6.67806,4.47595,0.15014
SE-Htm,Persistence,22,5.52952,3.59174,0.41802
SE-Htm,Persistence,23,4.52783,2.84688,0.61013
SE-Htm,Persistence,24,4.08094,2.48252,0.68346
SE-Htm,Persistence,25,4.51274,2.85252,0.61324
SE-Htm,Persistence,26,5.52371,3.63527,0.42065
SE-Htm,Persistence,27,6.72683,4.5591,0.14085
SE-Htm,Persistence,28,7.93719,5.49185,-0.19615
SE-Htm,Persistence,29,9.07272,6.4546,-0.56281
SE-Htm,Persistence,30,10.11081,7.39652,-0.94062
SE-Htm,Persistence,31,11.01509,8.26197,-1.30296
SE-Htm,Persistence,32,11.80657,9.05284,-1.64543
SE-Htm,Persistence,33,12.45035,9.71722,-1.94139
SE-Htm,Persistence,34,12.93775,10.2221,-2.17576
SE-Htm,Persistence,35,13.23074,10.52469,-2.32076
SE-Htm,Persistence,36,13.32957,10.61791,-2.37007
SE-Htm,Persistence,37,13.23157,10.53177,-2.32022
SE-Htm,Persistence,38,12.94535,10.2379,-2.17768
SE-Htm,Persistence,39,12.47039,9.74128,-1.94876
SE-Htm,Persistence,40,11.82574,9.08988,-1.6517
SE-Htm,Persistence,41,11.03514,8.28661,-1.308
SE-Htm,Persistence,42,10.13139,7.42032,-0.94408
SE-Htm,Persistence,43,9.10728,6.49806,-0.569
SE-Htm,Persistence,44,8.00706,5.57572,-0.21099
SE-Htm,Persistence,45,6.83077,4.64555,0.11959
SE-Htm,Persistence,46,5.63409,3.73708,0.40187
SE-Htm,Persistence,47,4.63165,2.9955,0.59603
SE-Htm,Persistence,48,4.23357,2.70405,0.66265
SE-Htm,Persistence,49,4.66159,3.03416,0.591
SE-Htm,Persistence,50,5.63459,3.78581,0.40243
SE-Htm,Persistence,51,6.80507,4.6517,0.12839
SE-Htm,Persistence,52,8.00628,5.58747,-0.20626
SE-Htm,Persistence,53,9.14976,6.54032,-0.57514
SE-Htm,Persistence,54,10.18562,7.47372,-0.95161
SE-Htm,Persistence,55,11.11227,8.34739,-1.32225
SE-Htm,Persistence,56,11.90786,9.14334,-1.66609
SE-Htm,Persistence,57,12.54574,9.80118,-1.95867
SE-Htm,Persistence,58,13.02306,10.28839,-2.18721
SE-Htm,Persistence,59,13.31472,10.60105,-2.33077
SE-Htm,Persistence,60,13.41325,10.70052,-2.37967
SE-Htm,Persistence,61,13.31605,10.60699,-2.33026
SE-Htm,Persistence,62,13.02312,10.31427,-2.18448
SE-Htm,Persistence,63,12.54118,9.81548,-1.95239
SE-Htm,Persistence,64,11.89374,9.15877,-1.65496
SE-Htm,Persistence,65,11.11001,8.37333,-1.3165
SE-Htm,Persistence,66,10.19654,7.49926,-0.95115
SE-Htm,Persistence,67,9.16364,6.57461,-0.57574
SE-Htm,Persistence,68,8.05415,5.63773,-0.21716
SE-Htm,Persistence,69,6.86365,4.6906,0.11607
SE-Htm,Persistence,70,5.70802,3.81231,0.38866
SE-Htm,Persistence,71,4.73477,3.11626,0.57935
SE-Htm,Persistence,72,4.37512,2.84484,0.64082
SE-Htm,Persistence,73,4.78932,3.17459,0.56958
SE-Htm,Persistence,74,5.76862,3.8927,0.37556
SE-Htm,Persistence,75,6.92446,4.75507,0.10024
SE-Htm,Persistence,76,8.10569,5.67186,-0.23288
SE-Htm,Persistence,77,9.225,6.59965,-0.59664
SE-Htm,Persistence,78,10.24554,7.51992,-0.96917
SE-Htm,Persistence,79,11.15613,8.38616,-1.33455
SE-Htm,Persistence,80,11.94236,9.16732,-1.67474
SE-Htm,Persistence,81,12.58042,9.828,-1.96767
SE-Htm,Persistence,82,13.05982,10.33736,-2.19767
SE-Htm,Persistence,83,13.3459,10.6273,-2.33878
SE-Htm,Persistence,84,13.44337,10.73158,-2.38719
SE-Htm,Persistence,85,13.35206,10.62919,-2.34091
SE-Htm,Persistence,86,13.06102,10.3297,-2.196
SE-Htm,Persistence,87,12.58571,9.82997,-1.96728
SE-Htm,Persistence,88,11.94358,9.18761,-1.67219
SE-Htm,Persistence,89,11.16815,8.4157,-1.33653
SE-Htm,Persistence,90,10.26523,7.57307,-0.97394
SE-Htm,Persistence,91,9.2534,6.67358,-0.60349
SE-Htm,Persistence,92,8.14568,5.74795,-0.24198
SE-Htm,Persistence,93,6.98852,4.83607,0.08597
SE-Htm,Persistence,94,5.86099,3.98161,0.35731
SE-Htm,Persistence,95,4.90912,3.26954,0.54983
SE-Htm,Persistence,96,4.48035,2.957,0.62534
